{"cameraMode":{"drawMode":0,"name":"Shaded","section":"Shading Mode"},"sceneLighting":true,"audioPlay":false,"sceneViewState":{"m_AlwaysRefresh":false,"showFog":true,"showSkybox":true,"showFlares":true,"showImageEffects":true,"showParticleSystems":true,"showVisualEffectGraphs":true,"m_FxEnabled":true},"in2DMode":false,"pivot":{"x":16.076072692871095,"y":235.7596893310547,"z":-733.3892211914063},"rotation":{"x":0.011848239228129387,"y":0.26584213972091677,"z":0.0032662181183695795,"w":-0.9639410376548767},"size":4.191574573516846,"orthographic":false}