{"cameraMode":{"drawMode":0,"name":"Shaded","section":"Shading Mode"},"sceneLighting":true,"audioPlay":false,"sceneViewState":{"m_AlwaysRefresh":false,"showFog":true,"showSkybox":true,"showFlares":true,"showImageEffects":true,"showParticleSystems":true,"showVisualEffectGraphs":true,"m_FxEnabled":true},"in2DMode":false,"pivot":{"x":-11.610224723815918,"y":236.35952758789063,"z":-736.8546142578125},"rotation":{"x":-0.005706534255295992,"y":0.032091423869132999,"z":-0.00018456111138220876,"w":-0.9994717240333557},"size":1.2316668033599854,"orthographic":false}