{"cameraMode":{"drawMode":0,"name":"Shaded","section":"Shading Mode"},"sceneLighting":true,"audioPlay":false,"sceneViewState":{"showFog":true,"showMaterialUpdate":false,"showSkybox":true,"showFlares":true,"showImageEffects":true,"showParticleSystems":true},"in2DMode":false,"pivot":{"x":-0.063232421875,"y":0.006603240966796875,"z":-8.517218589782715},"rotation":{"x":-0.03168906271457672,"y":-0.2792809009552002,"z":0.009222264401614666,"w":-0.9596421122550964},"size":0.09124386310577393,"orthographic":false}