{"cameraMode":{"drawMode":0,"name":"Shaded","section":"Shading Mode"},"sceneLighting":true,"audioPlay":false,"sceneViewState":{"showFog":true,"showMaterialUpdate":false,"showSkybox":true,"showFlares":true,"showImageEffects":true,"showParticleSystems":true},"in2DMode":false,"pivot":{"x":430.62286376953127,"y":351.977783203125,"z":230.85577392578126},"rotation":{"x":-0.0355142243206501,"y":-0.41292089223861697,"z":0.016116028651595117,"w":-0.9099315404891968},"size":511.2664489746094,"orthographic":false}