{"cameraMode":{"drawMode":0,"name":"Shaded","section":"Shading Mode"},"sceneLighting":true,"audioPlay":false,"sceneViewState":{"showFog":true,"showMaterialUpdate":false,"showSkybox":true,"showFlares":true,"showImageEffects":true,"showParticleSystems":true},"in2DMode":false,"pivot":{"x":3.075307607650757,"y":0.7637356519699097,"z":1.9159373044967652},"rotation":{"x":-0.03468921780586243,"y":-0.3796471655368805,"z":0.014247074723243714,"w":-0.9243710041046143},"size":6.414570331573486,"orthographic":false}